Abu Dhabi, Travel
Accenture, Business
Adobe Photoshop, Technology
Adolf Hitler, Politics
Amazon (Company), Business
Amsterdam, Travel
Android (Operating System), Technology
Apple, Technology
Arsenal FC,Sports
Atletico de Madrid,Sports
Bangkok, Travel
Barack Obama, Politics
Barcelona, Travel
Beijing, Travel
Ben Carson, Politics
Berlin, Travel
Bernie Sanders, Politics
Bill gates, Business
Brexit, Politics
Brussels, Travel
Buenos Aires, Travel
Camera, Technology
Chelsea FC,Sports
Chicago, Travel
Copenhagen, Travel
Deloitte, Business
Doha, Travel
Donald Trump, Politics
Dubai, Travel
Ebay, Business
Everton FC,Sports
FC Barcelona,Sports
FC Bayern Munich,Sports
Frankfurt, Travel
Google, Technology
Guangzhou, Travel
Hillary Clinton, Politics
Hong Kong, Travel
HP, Technology
IBM, Business
iOS, Technology
Istanbul, Travel
Jakarta, Travel
Joe Biden, Politics
Johannesburg, Travel
Justin Trudeau, Politics
Juventus FC,Sports
Kinki, Travel
Kuala Lumpur, Travel
Kuwait, Travel
Laptop, Technology
LG, Technology
Lima, Travel
Liverpool FC,Sports
London, Travel
Los Angeles, Travel
Lyft, Business
Madrid, Travel
Mahatma Gandi, Politics
Manchester City FC,Sports
Manchester United FC,Sports
Melbourne, Travel
Mexico, Travel
Microsoft, Technology
Mike Pence, Politics
Milan, Travel
mobile phone, Technology
Montreal, Travel
Moscow, Travel
Mumbai, Travel
Narendra Modi, Politics
New Delhi, Travel
New York City, Travel
Osaka, Travel
Paris (Texas), Travel
Paypal, Business
Paytm, Business
Prague, Travel
Printer (computing), Technology
Rand Paul, Politics
Real Madrid,Sports
Rio de Janeiro, Travel
Riyadh, Travel
Rome, Travel
Ronald Reagan, Politics
Samsung Company, Technology
San Francisco, Travel
Santiago, Travel
Sao Paulo, Travel
Seoul, Travel
Shanghai, Travel
Shenzhen, Travel
Singapore, Travel
Spotify, Business
Steve Jobs, Business
Stockholm, Travel
Sundar Pichai, Business
Sydney, Travel
Taipei, Travel
Tehran, Travel
Tianjin, Travel
Tim Cook, Business
Tokyo, Travel
Toronto, Travel
Uber (Company), Business
Vienna, Travel
Vladmir Putin, Politics
Washington DC, Travel
Windows PC, Technology
Zurich, Travel